#{"t_start": 1744879793.222519, "env_id": "gymnasium_env/Hockey-v0"}
r,l,t
-491.917666,1000,1.980155
-259.17019,1000,2.768828
19.472016,405,11.531968
-458.324889,1000,12.034289
1.336909,766,21.177429
-394.440504,1000,23.550946
-192.578264,1000,32.538041
-498.847695,1000,33.212607
-73.206627,696,33.492299
-463.48452,1000,46.591871
-648.680688,1000,47.496866
-417.499528,1000,59.830312
5.318905,1000,60.555418
-602.181264,1000,84.604031
-30.963904,722,85.878838
-26.800816,1000,96.292877
-697.745945,1000,97.749119
-86.647188,942,105.777718
-561.295517,1000,106.349004
151.142597,1000,114.09567
48.788509,296,114.364002
40.527033,435,114.570975
56.403079,256,114.679741
117.861412,1000,125.118231
140.884311,1000,125.767233
126.74228,1000,126.169295
-563.410746,1000,134.077619
-11.523604,1000,134.480502
-576.143531,1000,143.39814
68.243578,283,143.529001
151.711219,1000,151.638057
96.441493,292,151.871447
161.944404,1000,152.32613
159.909305,1000,161.390194
88.856896,319,161.550065
54.342625,1000,162.881743
-187.214386,1000,170.832245
167.5039,1000,171.258208
100.158417,226,171.350147
66.147962,1000,179.30165
65.650727,1000,179.704659
98.197171,334,187.029775
86.422678,258,187.979671
-69.900404,677,188.255738
116.13848,627,188.510956
82.39601,300,188.62901
52.674067,801,196.664948
-51.448587,932,197.057501
-231.057049,1000,205.121925
-236.911418,1000,206.104107
10.922762,660,214.137627
69.046485,219,214.300385
63.839491,1000,214.739906
91.467384,228,214.832336
113.620643,469,222.256868
94.470673,312,222.514193
103.479974,478,222.748506
74.876595,223,222.839509
-81.995747,1000,230.937166
86.377518,188,231.145913
143.343569,897,231.587905
2.477247,496,231.789536
-121.53524,1000,240.311547
75.577011,1000,241.353804
61.947433,164,241.531646
61.130902,224,241.74022
92.833878,1000,250.652043
160.394061,1000,251.058704
90.332217,266,259.516304
6.542934,464,259.894568
2.85462,573,260.192956
3.928189,1000,268.527329
-36.689535,692,268.973133
99.549281,240,269.086325
0.445185,529,269.300919
-13.466382,832,277.894163
53.842274,522,278.616108
91.418647,187,278.837006
139.944357,636,280.458665
149.271049,1000,290.705743
71.300917,200,291.015275
15.639789,303,291.266599
58.915793,1000,300.218394
71.639724,189,300.387752
147.137336,805,301.662192
80.954241,196,301.807277
23.020801,706,310.689313
83.260107,252,311.01125
42.956115,396,311.396483
-13.045221,762,311.915549
131.289508,683,320.27376
86.772845,232,320.50436
77.577939,266,320.64896
98.606086,191,320.751714
160.422708,1000,321.458403
83.51142,207,321.541948
125.05447,523,329.902942
12.096029,510,330.392775
98.757878,256,330.645381
67.890712,1000,339.261272
134.742789,627,339.811145
171.957873,1000,340.606801
17.243036,536,349.228524
174.535069,1000,350.00121
